key,zh-CN,en-US
Common_OK,确定,OK
Common_Cancel,取消,Cancel
Common_Save,保存,Save
Common_Browse,浏览,Browse
Common_Add,添加,Add
Common_Edit,编辑,Edit
Common_Delete,删除,Delete
Common_Error,错误,Error
Common_Success,成功,Success
Common_Warning,警告,Warning
Common_Yes,是,Yes
Common_No,否,No
Common_Info,提示,Info
Common_Close,关闭,Close
Common_Name,名称,Name
Common_Server,服务器,Server
Common_Port,端口,Port
Common_Email,邮箱,Email
Common_Password,密码,Password
Common_Username,用户名,Username

App_StartupError,错误: {0},Error: {0}

Preferences_Title,常规设置,Preferences
Preferences_Tab_EmlToPst,📧 EML转PST,📧 EML to PST
Preferences_Tab_EmlSplit,📅 EML日期分割,📅 EML Date Split
Preferences_Tab_Imap,☁️ IMAP,☁️ IMAP
Preferences_Tab_O365,🔄 O365,🔄 O365
Preferences_Tab_Language,🌐 语言,🌐 Language
Preferences_Group_EmlToPst,EML转PST 默认路径设置,EML to PST Default Path Settings
Preferences_Group_EmlToPstDesc,设置转换功能默认使用的目录路径,Set the default directory paths used by the conversion feature
Preferences_Group_EmlSplit,EML日期分割 默认路径设置,EML Date Split Default Path Settings
Preferences_Group_EmlSplitDesc,设置日期分割功能默认使用的目录路径,Set the default directory paths used by the date split feature
Preferences_Group_Imap,IMAP 服务器账户列表,IMAP Server Account List
Preferences_Group_O365,Office 365 账户列表,Office 365 Account List
Preferences_Group_O365Desc,配置 Azure AD 应用凭证以连接 Microsoft Graph API,Configure Azure AD app credentials to connect to Microsoft Graph API
Preferences_Field_EmlDir,EML 目录,EML Directory
Preferences_Field_PstOutput,PST 输出,PST Output
Preferences_Field_DateBefore,日期之前,Date Before
Preferences_Field_DateAfter,日期之后,Date After
Preferences_Language_Prompt,请选择界面语言,Select interface language
Preferences_Language_RestartPrompt,语言已切换为 {0}，请重启应用后生效。,Language switched to {0}. Please restart the application to take effect.
Preferences_SaveSuccess,设置已保存！,Settings saved!
Preferences_SaveSuccessTitle,保存设置,Save Settings
Preferences_SaveFailed,保存设置失败: {0},Failed to save settings: {0}

ImapEdit_Title,编辑 IMAP 账户,Edit IMAP Account
ImapEdit_Group,IMAP 账户设置,IMAP Account Settings
ImapEdit_Field_UseSsl,使用 SSL,Use SSL

O365Edit_Title,编辑 O365 账户,Edit O365 Account
O365Edit_Group,O365 账户设置,O365 Account Settings
O365Edit_GroupDesc,配置 Azure AD 应用凭证以连接 Microsoft Graph API,Configure Azure AD app credentials to connect to Microsoft Graph API
O365Edit_Field_Name,配置名称,Configuration Name
O365Edit_Field_NameDesc,用于标识此配置的友好名称,A friendly name to identify this configuration
O365Edit_Field_TenantId,Tenant ID,Tenant ID
O365Edit_Field_TenantIdDesc,Azure AD 租户 ID，可在 Azure Portal - Azure Active Directory - 概述中查看,"Azure AD tenant ID, found in Azure Portal > Azure Active Directory > Overview"
O365Edit_Field_ClientId,Client ID,Client ID
O365Edit_Field_ClientIdDesc,应用程序（客户端）ID，注册 Azure AD 应用后获取,"Application (client) ID, obtained after registering the Azure AD app"
O365Edit_Field_Username,用户名（可选）,Username (Optional)
O365Edit_Field_UsernameDesc,连接时使用的用户名，通常为管理员邮箱,"Username used for connection, usually the admin email"

ContactMapping_Title,字段映射配置,Field Mapping Configuration
ContactMapping_Header,请将源文件字段映射到目标字段：,Please map source file fields to target fields:
ContactMapping_StartConvert,开始转换,Start Convert

Reg_Title,注册与激活,Registration and Activation
Reg_Header,软件使用注册,Software Registration
Reg_Status_Current,当前状态: ,Current Status:
Reg_Status_Trial,试用版,Trial Version
Reg_Status_Registered,注册版,Registered
Reg_Status_NoNetworkAdapter,未检测到物理网卡,No network adapter detected
Reg_Status_DetectFailed,检测失败,Detection failed
Reg_Status_Detecting,检测中...,Detecting...
Reg_Validation_NoUserName,请输入用户姓名,Please enter your name
Reg_Validation_NoUserEmail,请输入用户邮箱,Please enter your email
Reg_Validation_NoNetworkForRegister,未检测到物理网卡，无法注册,"No network adapter detected, cannot register"
Reg_Validation_NoNetworkForActivate,未检测到物理网卡，无法激活,"No network adapter detected, cannot activate"
Reg_Validation_NoSerial,请输入授权码,Please enter the license key
Reg_Status_Submitting,正在提交注册信息...,Submitting registration...
Reg_Status_Activating,正在激活订阅版...,Activating subscription...
Reg_Status_RegSuccessWithDays,注册成功！剩余 {0} 天,Registration successful! {0} days remaining
Reg_Status_ActivateSuccessWithDays,激活成功！剩余 {0} 天,Activation successful! {0} days remaining
Reg_Status_RegException,注册异常: {0},Registration error: {0}
Reg_Status_ActivateException,激活异常: {0},Activation error: {0}
Reg_StatusMessage_UnregSuccessNote,已注销授权。,Unregistered successfully.
Reg_StatusMessage_UnregAfterNote,注销后将需要重新注册才能使用软件。,"After unregistering, you will need to re-register to use the software."
Reg_Title_ConfirmUnreg,确认注销,Confirm Unregister
Reg_RegPanelTitle,测试版授权信息,Test Version License Information
Reg_Field_UserName,用户姓名:,User Name:
Reg_Field_UserEmail,用户邮箱:,User Email:
Reg_Field_Org,组织/公司:,Organization/Company:
Reg_Field_RegDate,注册日期:,Registration Date:
Reg_Field_ExpireDate,到期日期:,Expiration Date:
Reg_Field_Mac,MAC地址:,MAC Address:
Reg_RegFormTitle,注册（获得30天试用）,Register (Get 30-Day Trial)
Reg_RegFormHint,提示：注册后可获得30天免费试用，到期后需激活订阅才能继续使用,"Note: Registration grants a 30-day free trial. After expiration, activate a subscription to continue."
Reg_Field_SoftwareName,软件名称:,Software Name:
Reg_Field_Version,版本:,Version:
Reg_Field_ShowMac,显示,Show
Reg_ActivateTitle,激活订阅版,Activate Subscription
Reg_ActivateHint,提示：已有授权码？在此输入激活码升级为订阅版（无限期使用）,Note: Already have a license key? Enter it here to upgrade to the subscription version (unlimited use).
Reg_Field_Serial,授权码:,License Key:
Reg_Activate,激活,Activate
Reg_Btn_Register,注册（试用）,Register (Trial)
Reg_Btn_Unregister,注销授权,Unregister
Reg_Btn_Close,关闭,Close
Reg_StatusMessage_InvalidEmail,请输入有效的邮箱地址,Please enter a valid email address
Reg_StatusMessage_MacNotFound,无法获取 MAC 地址，请重试,"Unable to retrieve MAC address, please retry"
Reg_StatusMessage_RegFailed,注册失败: {0},Registration failed: {0}
Reg_StatusMessage_RegSuccess,注册成功！,Registration successful!
Reg_StatusMessage_Activated,激活成功！,Activation successful!
Reg_StatusMessage_ActivateFailed,激活失败: {0},Activation failed: {0}
Reg_StatusMessage_UnregSuccess,授权已注销,License unregistered
Reg_StatusMessage_UnregFailed,注销失败: {0},Unregistration failed: {0}
Reg_StatusMessage_ConfirmUnreg,确定要注销当前授权吗？,Are you sure you want to unregister the current license?
Reg_TrialRemainingDays,剩余 {0} 天,{0} days remaining

Main_Title,小铭邮件百宝箱（个人版）,LiteEMLTOPST
Main_Tab_EmlToPst,📧 EML转PST,📧 EML to PST
Main_Tab_EmlSplit,📅 EML日期分割,📅 EML Date Split
Main_Tab_Directory,📁 目录分类,📁 Directory Classification
Main_Tab_Imap,☁️ IMAP,☁️ IMAP
Main_Tab_O365,🔄 O365,🔄 O365
Main_Tab_Contacts,👤 联系人,👤 Contacts
Main_Tab_ImapToPst,🔄 IMAP转PST,🔄 IMAP to PST
Main_Btn_Preferences,⚙️ 偏好设置,⚙️ Preferences
Main_Btn_Registration,🔑 注册激活,🔑 Registration
Main_Btn_StartConvert,开始转换,Start Convert
Main_Btn_StopConvert,停止转换,Stop Convert
Main_Btn_Browse,浏览,Browse
Main_Btn_Convert,转换,Convert
Main_Btn_Cancel,取消,Cancel
Main_Btn_AddAccount,添加账户,Add Account
Main_Btn_DeleteAccount,删除账户,Delete Account
Main_Btn_Refresh,刷新,Refresh
Main_Btn_Save,保存,Save
Main_Group_EmlToPst,EML转PST 设置,EML to PST Settings
Main_Group_EmlSplit,EML日期分割 设置,EML Date Split Settings
Main_Group_OutputPst,输出PST设置,Output PST Settings
Main_Group_ImapAccounts,IMAP 账户,IMAP Accounts
Main_Group_ImapMailboxes,邮箱列表,Mailbox List
Main_Group_O365Accounts,O365 账户,O365 Accounts
Main_Group_Contacts,联系人列表,Contact List
Main_Group_DirClassify,目录分类规则,Directory Classification Rules
Main_Field_EmlDir,EML 目录,EML Directory
Main_Field_PstOutput,PST 输出,PST Output
Main_Field_PstName,PST 文件名,PST File Name
Main_Field_DateBefore,日期之前,Date Before
Main_Field_DateAfter,日期之后,Date After
Main_Field_Account,账户,Account
Main_Field_Folder,文件夹,Folder
Main_Field_OutputDir,输出目录,Output Directory
Main_Field_FolderTree,保留文件夹结构,Preserve folder structure
Main_Field_ScanRecursive,递归扫描子目录,Scan subdirectories recursively
Main_Field_FileFilter,文件扩展名,File extension
Main_Msg_ConfirmExit,确定要退出吗？,Are you sure you want to exit?
Main_Msg_ConvertComplete,转换完成！共处理 {0} 封邮件,Conversion complete! Processed {0} emails
Main_Msg_ConvertFailed,转换失败: {0},Conversion failed: {0}
Main_Msg_NoEmlFiles,未找到 EML 文件,No EML files found
Main_Msg_InvalidPath,请选择有效的目录,Please select a valid directory
Main_Msg_PstWriteFailed,PST 写入失败: {0},Failed to write PST: {0}
Main_Msg_ConfirmDelete,确定要删除吗？,Are you sure you want to delete?
Main_Msg_ImapConnectFailed,IMAP 连接失败: {0},IMAP connection failed: {0}
Main_Msg_O365ConnectFailed,O365 连接失败: {0},O365 connection failed: {0}
Main_Progress_Converting,正在转换... ({0}/{1}),Converting... ({0}/{1})
Main_Progress_Splitting,正在分割... ({0}/{1}),Splitting... ({0}/{1})
Main_Status_Ready,就绪,Ready
Main_Status_Working,工作中,Working
Main_Status_Idle,空闲,Idle
Main_Table_Column_Name,名称,Name
Main_Table_Column_Server,服务器,Server
Main_Table_Column_Port,端口,Port
Main_Table_Column_Email,邮箱,Email
Main_Table_Column_Folder,文件夹,Folder
Main_Table_Column_Count,数量,Count
Main_Table_Column_Status,状态,Status
Main_Table_Column_Date,日期,Date
Main_Table_Column_Size,大小,Size
Main_Table_Column_Action,操作,Action

Main_Menu_File,文件,File
Main_Menu_SaveSettings,保存当前设置,Save Current Settings
Main_Menu_Exit,退出,Exit
Main_Menu_Preferences,首选项,Preferences
Main_Menu_GeneralSettings,常规设置,General Settings
Main_Menu_Help,帮助,Help
Main_Menu_Activate,激活授权,Activate License
Main_Menu_Register,注册软件,Register Software
Main_Menu_Bug,提交Bug,Submit Bug
Main_Menu_VisitWebsite,访问官网,Visit Website
Main_Menu_About,关于,About
Main_Tab_PstExtract,📁 PST 提取,📁 PST Extract
Main_Tab_OstExtract,📂 OST 提取,📂 OST Extract
Main_Tab_MailClassify,📤 邮件归类,📤 Mail Classify
Main_Tab_ImapFetch,☁️ IMAP 收取,☁️ IMAP Fetch
Main_Tab_ContactFormat,👥 联系人格式转换,👥 Contact Format Convert
Main_Tab_O365Sync,🔄 O365 同步,🔄 O365 Sync
Main_Tab_O365Data,📊 O365 数据,📊 O365 Data
Main_Tab_MailManagement,📬 邮件管理,📬 Mail Management
Main_Section_EmlToPst,EML 文件夹转 PST,EML Folder to PST
Main_Section_EmlToPstDesc,支持分类规则，按发件人、年份、日期等条件自动归类,"Supports classification rules to auto-sort by sender, year, date, etc."
Main_Section_EmlSplit,EML 按日期分割,EML Split by Date
Main_Section_EmlSplitDesc,根据分割日期，将邮件分割到两个不同目录，同时显示发送和接收时间,"Split mails into two folders by the split date, showing sent/received times"
Main_Section_PstExtract,PST 文件提取,PST File Extract
Main_Section_PstExtractDesc,将 PST 文件中的邮件、联系人和日历提取出来,"Extract mails, contacts and calendar from PST file"
Main_Section_OstExtract,OST 文件提取,OST File Extract
Main_Section_OstExtractDesc,将 OST 离线数据文件转换为 EML 格式,Convert OST offline data file to EML format
Main_Section_MailClassify,PST/OST 按年份归类,Classify PST/OST by Year
Main_Section_MailClassifyDesc,在 PST/OST 文件内部按年份和发件人/收件人重新归类邮件,Re-classify mails inside PST/OST files by year and sender/recipient
Main_Section_ImapFetch,IMAP 收取邮件,IMAP Fetch Mails
Main_Section_ImapFetchDesc,从 IMAP 服务器收取邮件到本地 PST 或 EML 文件,Fetch mails from IMAP server to local PST or EML files
Main_Section_ContactFormat,联系人格式转换,Contact Format Convert
Main_Section_ContactFormatDesc,将联系人 CSV 文件转换为不同格式,Convert contact CSV file to different formats
Main_Section_O365Sync,Office 365 同步,Office 365 Sync
Main_Section_O365SyncDesc,将本地 PST 或 EML 文件同步到 Office 365 云端,Sync local PST or EML files to Office 365 cloud
Main_Section_O365Data,Office 365 个人数据管理,Office 365 Personal Data Management
Main_Section_O365DataDesc,查看邮件收发报表，管理联系人和邮件,View mail statistics and manage contacts and mails
Main_Section_MailManagement,邮件导出管理,Mail Export Management
Main_Section_MailManagementDesc,从 O365 邮箱导出邮件到 PST 文件，支持按时间范围筛选,Export mails from O365 mailbox to PST file with date range filter
Main_Section_EmailDetails,邮件详情,Email Details
Main_Section_ConversionDesc,转换说明:,Conversion Notes:
Main_Group_DirClassifySettings,目录归类设置,Directory Classification Settings
Main_Group_PstClassify,PST 文件归类,PST File Classify
Main_Group_OstClassify,OST 文件归类（处理 Outlook 中已加载的 OST）,OST File Classify (Process OST loaded in Outlook)
Main_Group_SyncPst,同步 PST 文件,Sync PST File
Main_Group_SyncEml,同步 EML 目录,Sync EML Folder
Main_Group_MailReport,邮件收发报表,Mail Statistics Report
Main_Group_ContactManage,联系人管理,Contact Management
Main_Group_ExportMail,导出邮件,Export Mails
Main_Info_OutlookRequired,ℹ️ 提示：此功能需要安装 Microsoft Outlook 客户端。,ℹ️ Tip: This feature requires Microsoft Outlook to be installed.
Main_Warning_CloseOutlook,⚠️ 提示：提取时请关闭 Outlook 客户端，否则会报错。,"⚠️ Tip: Please close Outlook before extraction, or it will fail."
Main_Warning_LoginRequired,⚠️ 需要登录 Office 365,⚠️ Office 365 Login Required
Main_Warning_Imap1000,⚠️ 注意：部分邮件服务器默认不支持一次收取超过1000封邮件，如需收取更多，请分批操作或联系邮箱管理员调整限制。,⚠️ Note: Some mail servers do not support fetching more than 1000 emails at a time by default. Fetch in batches or contact your email administrator to adjust the limit.
Main_Field_ClassifyBy,归类方式,Classify By
Main_Field_ByYear,按年份,By Year
Main_Field_BySender,按发件人,By Sender
Main_Field_ByMonth,按月份,By Month
Main_Field_EstimatedCount,预估邮件,Estimated Count
Main_Field_SplitDate,分割日期,Split Date
Main_Field_PstFile,PST 文件,PST File
Main_Field_EmlOutput,EML 输出,EML Output
Main_Field_OstAccount,OST 账户,OST Account
Main_Field_StartDate,开始日期,Start Date
Main_Field_EndDate,结束日期,End Date
Main_Field_ImapServer,IMAP 服务器,IMAP Server
Main_Field_MaxEmails,最大邮件数,Max Emails
Main_Field_All,全部,All
Main_Field_SelectFolder,选择文件夹,Select Folder
Main_Field_SelectConfig,选择配置,Select Config
Main_Field_SourceFile,源文件:,Source File:
Main_Field_ConversionType,转换类型:,Conversion Type:
Main_Field_SelectOstAccount,选择 OST 账户,Select OST Account
Main_Field_StartDateLabel,开始日期:,Start Date:
Main_Field_EndDateLabel,结束日期:,End Date:
Main_Field_OutputFile,输出文件:,Output File:
Main_Field_ClassifyByYearMonth,按年月归类 (Inbox/年/月),Classify by Year/Month (Inbox/Year/Month)
Main_Field_ExportAllMail,导出全部邮件,Export All Mails
Main_Field_Sent24h,24小时发送,Sent 24h
Main_Field_Received24h,24小时接收,Received 24h
Main_Field_NewMail,新邮件,New Mail
Main_Field_SentCount,发件总数,Total Sent
Main_Field_ReceivedCount,收件总数,Total Received
Main_Field_ContactCount,联系人数量,Contact Count
Main_Field_SentMail,已发送邮件,Sent Mail
Main_Field_EnableClassify,启用目录归类,Enable Directory Classification
Main_Field_VersionPrefix,版本: ,Version: 
Main_Btn_Scan,扫描,Scan
Main_Btn_StartSplit,开始分割,Start Split
Main_Btn_ExtractMail,提取邮件,Extract Mails
Main_Btn_ExtractContacts,提取联系人,Extract Contacts
Main_Btn_ExtractCalendar,提取日历,Extract Calendar
Main_Btn_StartExtract,开始提取,Start Extract
Main_Btn_StartClassify,开始归类,Start Classify
Main_Btn_ManageConfig,管理配置,Manage Config
Main_Btn_TestConnection,测试连接,Test Connection
Main_Btn_FetchToPst,收取到 PST,Fetch to PST
Main_Btn_FetchToEml,收取到 EML,Fetch to EML
Main_Btn_DownloadFoxmail,下载 Foxmail 模板,Download Foxmail Template
Main_Btn_DownloadO365,下载 O365 模板,Download O365 Template
Main_Btn_ConnectO365,连接 O365,Connect O365
Main_Btn_Disconnect,断开连接,Disconnect
Main_Btn_SelectFile,选择文件,Select File
Main_Btn_StartSync,开始同步,Start Sync
Main_Btn_ExportContacts,导出联系人,Export Contacts
Main_Btn_ExportCsv,导出 CSV,Export CSV
Main_Btn_ImportContacts,导入联系人,Import Contacts
Main_Btn_DownloadTemplate,下载模板,Download Template
Main_Btn_ImportCsv,导入 CSV,Import CSV
Main_Btn_ExportPst,导出 PST,Export PST
Main_Btn_Clear,清空,Clear
Main_Msg_ClickScanToEstimate,点击'扫描'按钮预估,Click 'Scan' to estimate
Main_Msg_SplitTip,"提示: 日期之前 = 分割日期之前的邮件, 日期之后 = 分割日期及之后的邮件","Tip: Before = mails before the split date, After = mails on or after the split date"
Main_Msg_UseSentTime,使用发送时间进行归类,Use sent time for classification
Main_Msg_OstNote,注：OST 是 Exchange 账户的离线存储，会自动加载到 Outlook 中,"Note: OST is the offline storage for Exchange accounts, auto-loaded into Outlook"
Main_Msg_LoginRequiredDesc,请在上一个 O365 同步标签页中连接您的账户，登录后可查看邮件收发报表、导入导出联系人和邮件。,"Please connect your account in the previous O365 Sync tab. After login, you can view mail statistics and import/export contacts and mails."
Main_Msg_ExportContactsDesc,将联系人导出为 CSV 格式,Export contacts as CSV format
Main_Msg_ImportContactsDesc,从 CSV 文件导入联系人到 Outlook,Import contacts from CSV file to Outlook
Main_Msg_NoFileSelected,未选择文件,No file selected
Main_Msg_NoFolderSelected,未选择目录,No folder selected
Main_Msg_ContactFormatNote,"Foxmail格式: 姓名,昵称,电子邮箱,手机,电话,公司,部门,职务,地址,邮编,备注
O365格式: DisplayName,FirstName,LastName,Email,Phone,CompanyName,Department","Foxmail format: Name,Nickname,Email,Mobile,Phone,Company,Department,Title,Address,ZipCode,Note
O365 format: DisplayName,FirstName,LastName,Email,Phone,CompanyName,Department"
Main_Cbo_ByYear,按年份 (2024),By Year (2024)
Main_Cbo_BySender,按发件人 (sender@example.com),By Sender (sender@example.com)
Main_Cbo_ByRecipient,按收件人 (recipient@example.com),By Recipient (recipient@example.com)
Main_Cbo_BySenderShort,按发件人 (sender@...com),By Sender (sender@...com)
Main_Cbo_ByRecipientShort,按收件人 (recipient@...com),By Recipient (recipient@...com)
Main_Cbo_FoxmailToO365,Foxmail → O365 格式,Foxmail → O365 Format
Main_Cbo_FoxmailToCn,Foxmail → 中文通用格式,Foxmail → Chinese Common Format
Main_Cbo_CnToEn,中文格式 → 英文格式,Chinese Format → English Format
Main_Cbo_EnToCn,英文格式 → 中文格式,English Format → Chinese Format
Main_Cbo_Generic,通用格式 (UTF-8),Generic Format (UTF-8)
Main_Table_Column_FileName,文件名,File Name
Main_Table_Column_FolderType,文件夹类型,Folder Type
Main_Table_Column_SentDate,发送时间,Sent Date
Main_Table_Column_ReceivedDate,接收时间,Received Date
Main_Table_Column_From,发件人,From
Main_Table_Column_Subject,主题,Subject
Main_Status_Trial,试用版,Trial
Main_Log_Title,📋 运行日志,📋 Log Panel
Main_Btn_SelectFolder,选择目录,Select Folder
